--------------------------------------------------------
--  File created - Thursday-January-30-2020   
--------------------------------------------------------
--------------------------------------------------------
--  DDL for Sequence AUTO_INCRE_SEQ_ABSENT
--------------------------------------------------------

   CREATE SEQUENCE  "MOCKAPI"."AUTO_INCRE_SEQ_ABSENT"  MINVALUE 1 MAXVALUE 9999999999999999999999999999 INCREMENT BY 1 START WITH 1 CACHE 20 NOORDER  NOCYCLE ;
--------------------------------------------------------
--  DDL for Sequence AUTO_INCRE_SEQ_CATEGORY
--------------------------------------------------------

   CREATE SEQUENCE  "MOCKAPI"."AUTO_INCRE_SEQ_CATEGORY"  MINVALUE 1 MAXVALUE 9999999999999999999999999999 INCREMENT BY 1 START WITH 1 CACHE 20 NOORDER  NOCYCLE ;
--------------------------------------------------------
--  DDL for Sequence AUTO_INCRE_SEQ_DEPARTMENT
--------------------------------------------------------

   CREATE SEQUENCE  "MOCKAPI"."AUTO_INCRE_SEQ_DEPARTMENT"  MINVALUE 1 MAXVALUE 9999999999999999999999999999 INCREMENT BY 1 START WITH 21 CACHE 20 NOORDER  NOCYCLE ;
--------------------------------------------------------
--  DDL for Sequence AUTO_INCRE_SEQ_EMPLOYEE
--------------------------------------------------------

   CREATE SEQUENCE  "MOCKAPI"."AUTO_INCRE_SEQ_EMPLOYEE"  MINVALUE 1 MAXVALUE 9999999999999999999999999999 INCREMENT BY 1 START WITH 44 NOCACHE  NOORDER  NOCYCLE ;
--------------------------------------------------------
--  DDL for Sequence AUTO_INCRE_SEQ_ISSUE
--------------------------------------------------------

   CREATE SEQUENCE  "MOCKAPI"."AUTO_INCRE_SEQ_ISSUE"  MINVALUE 1 MAXVALUE 9999999999999999999999999999 INCREMENT BY 1 START WITH 1 CACHE 20 NOORDER  NOCYCLE ;
--------------------------------------------------------
--  DDL for Sequence AUTO_INCRE_SEQ_ISSUE_HIS
--------------------------------------------------------

   CREATE SEQUENCE  "MOCKAPI"."AUTO_INCRE_SEQ_ISSUE_HIS"  MINVALUE 1 MAXVALUE 9999999999999999999999999999 INCREMENT BY 1 START WITH 1 CACHE 20 NOORDER  NOCYCLE ;
--------------------------------------------------------
--  DDL for Sequence AUTO_INCRE_SEQ_NEWS
--------------------------------------------------------

   CREATE SEQUENCE  "MOCKAPI"."AUTO_INCRE_SEQ_NEWS"  MINVALUE 1 MAXVALUE 9999999999999999999999999999 INCREMENT BY 1 START WITH 21 CACHE 20 NOORDER  NOCYCLE ;
--------------------------------------------------------
--  DDL for Sequence AUTO_INCRE_SEQ_POSITION
--------------------------------------------------------

   CREATE SEQUENCE  "MOCKAPI"."AUTO_INCRE_SEQ_POSITION"  MINVALUE 1 MAXVALUE 9999999999999999999999999999 INCREMENT BY 1 START WITH 21 CACHE 20 NOORDER  NOCYCLE ;
--------------------------------------------------------
--  DDL for Sequence AUTO_INCRE_SEQ_PROJECT
--------------------------------------------------------

   CREATE SEQUENCE  "MOCKAPI"."AUTO_INCRE_SEQ_PROJECT"  MINVALUE 1 MAXVALUE 9999999999999999999999999999 INCREMENT BY 1 START WITH 21 CACHE 20 NOORDER  NOCYCLE ;
--------------------------------------------------------
--  DDL for Sequence AUTO_INCRE_SEQ_ROLE
--------------------------------------------------------

   CREATE SEQUENCE  "MOCKAPI"."AUTO_INCRE_SEQ_ROLE"  MINVALUE 1 MAXVALUE 9999999999999999999999999999 INCREMENT BY 1 START WITH 21 CACHE 20 NOORDER  NOCYCLE ;
--------------------------------------------------------
--  DDL for Sequence AUTO_INCRE_SEQ_STATUS
--------------------------------------------------------

   CREATE SEQUENCE  "MOCKAPI"."AUTO_INCRE_SEQ_STATUS"  MINVALUE 1 MAXVALUE 9999999999999999999999999999 INCREMENT BY 1 START WITH 21 CACHE 20 NOORDER  NOCYCLE ;
--------------------------------------------------------
--  DDL for Sequence AUTO_INCRE_SEQ_STATUS_TYPE
--------------------------------------------------------

   CREATE SEQUENCE  "MOCKAPI"."AUTO_INCRE_SEQ_STATUS_TYPE"  MINVALUE 1 MAXVALUE 9999999999999999999999999999 INCREMENT BY 1 START WITH 21 CACHE 20 NOORDER  NOCYCLE ;
--------------------------------------------------------
--  DDL for Sequence AUTO_INCRE_SEQ_TEAM
--------------------------------------------------------

   CREATE SEQUENCE  "MOCKAPI"."AUTO_INCRE_SEQ_TEAM"  MINVALUE 1 MAXVALUE 9999999999999999999999999999 INCREMENT BY 1 START WITH 21 CACHE 20 NOORDER  NOCYCLE ;
--------------------------------------------------------
--  DDL for Sequence AUTO_INCRE_SEQ_TOKEN
--------------------------------------------------------

   CREATE SEQUENCE  "MOCKAPI"."AUTO_INCRE_SEQ_TOKEN"  MINVALUE 1 MAXVALUE 9999999999999999999999999999 INCREMENT BY 1 START WITH 41 CACHE 20 NOORDER  NOCYCLE ;
--------------------------------------------------------
--  DDL for Sequence ISSUESS_SEQ
--------------------------------------------------------

   CREATE SEQUENCE  "MOCKAPI"."ISSUESS_SEQ"  MINVALUE 1 MAXVALUE 9999999999999999999999999999 INCREMENT BY 1 START WITH 1 CACHE 20 NOORDER  NOCYCLE ;
--------------------------------------------------------
--  DDL for Sequence TEAM_PROJECT_SEQ
--------------------------------------------------------

   CREATE SEQUENCE  "MOCKAPI"."TEAM_PROJECT_SEQ"  MINVALUE 1 MAXVALUE 9999999999999999999999999999 INCREMENT BY 1 START WITH 1 CACHE 20 NOORDER  NOCYCLE ;
--------------------------------------------------------
--  DDL for Table ABSENT
--------------------------------------------------------

  CREATE TABLE "MOCKAPI"."ABSENT" 
   (	"ID" NUMBER(19,0), 
	"NUMBER_DAY" NUMBER(10,0), 
	"REASON" VARCHAR2(255 CHAR), 
	"PERSON_ABSENT_ID" NUMBER(19,0), 
	"PERSON_APPROVE_ID" NUMBER(19,0), 
	"STATUS_ID" NUMBER(19,0)
   ) SEGMENT CREATION IMMEDIATE 
  PCTFREE 10 PCTUSED 40 INITRANS 1 MAXTRANS 255 NOCOMPRESS LOGGING
  STORAGE(INITIAL 65536 NEXT 1048576 MINEXTENTS 1 MAXEXTENTS 2147483645
  PCTINCREASE 0 FREELISTS 1 FREELIST GROUPS 1 BUFFER_POOL DEFAULT FLASH_CACHE DEFAULT CELL_FLASH_CACHE DEFAULT)
  TABLESPACE "SYSTEM" ;
--------------------------------------------------------
--  DDL for Table CONFIRMATION_TOKEN
--------------------------------------------------------

  CREATE TABLE "MOCKAPI"."CONFIRMATION_TOKEN" 
   (	"ID" NUMBER(19,0), 
	"DATETIME_CREATED" TIMESTAMP (6), 
	"TOKEN" VARCHAR2(255 CHAR), 
	"USED" NUMBER(1,0), 
	"EMPLOYEE_ID" NUMBER(19,0)
   ) SEGMENT CREATION IMMEDIATE 
  PCTFREE 10 PCTUSED 40 INITRANS 1 MAXTRANS 255 NOCOMPRESS LOGGING
  STORAGE(INITIAL 65536 NEXT 1048576 MINEXTENTS 1 MAXEXTENTS 2147483645
  PCTINCREASE 0 FREELISTS 1 FREELIST GROUPS 1 BUFFER_POOL DEFAULT FLASH_CACHE DEFAULT CELL_FLASH_CACHE DEFAULT)
  TABLESPACE "SYSTEM" ;
--------------------------------------------------------
--  DDL for Table DEPARTMENT
--------------------------------------------------------

  CREATE TABLE "MOCKAPI"."DEPARTMENT" 
   (	"ID" NUMBER(19,0), 
	"LOCATION" VARCHAR2(255 CHAR), 
	"MANAGER_ID" NUMBER(19,0), 
	"DEPARTMENT_NAME" VARCHAR2(255 CHAR)
   ) SEGMENT CREATION IMMEDIATE 
  PCTFREE 10 PCTUSED 40 INITRANS 1 MAXTRANS 255 NOCOMPRESS LOGGING
  STORAGE(INITIAL 65536 NEXT 1048576 MINEXTENTS 1 MAXEXTENTS 2147483645
  PCTINCREASE 0 FREELISTS 1 FREELIST GROUPS 1 BUFFER_POOL DEFAULT FLASH_CACHE DEFAULT CELL_FLASH_CACHE DEFAULT)
  TABLESPACE "SYSTEM" ;
--------------------------------------------------------
--  DDL for Table EMPLOYEE
--------------------------------------------------------

  CREATE TABLE "MOCKAPI"."EMPLOYEE" 
   (	"ID" NUMBER(19,0), 
	"ADDRESS" VARCHAR2(255 CHAR), 
	"BIRTHDAY" TIMESTAMP (6), 
	"CREATED_DATE" TIMESTAMP (6), 
	"EDUCATION" VARCHAR2(255 CHAR), 
	"EMAIL" VARCHAR2(255 CHAR), 
	"FACULTY" VARCHAR2(255 CHAR), 
	"FACEBOOK" VARCHAR2(255 CHAR), 
	"FULLNAME" VARCHAR2(255 CHAR), 
	"GRADUATED_YEAR" NUMBER(10,0), 
	"IMAGE_URL" VARCHAR2(255 CHAR), 
	"IS_ACTIVED" NUMBER(1,0), 
	"IS_LEADER" NUMBER(1,0), 
	"IS_MANAGER" NUMBER(1,0), 
	"LAST_ACCESS" TIMESTAMP (6), 
	"PASSWORD" VARCHAR2(255 CHAR), 
	"PHONE_NUMBER" NUMBER(10,0), 
	"SKYPE_ACCOUNT" VARCHAR2(255 CHAR), 
	"UNIVERSITY" VARCHAR2(255 CHAR), 
	"USER_TYPE" VARCHAR2(255 CHAR), 
	"USERNAME" VARCHAR2(255 CHAR), 
	"DEPARTMENT_ID" NUMBER(19,0), 
	"POSITION_ID" NUMBER(19,0), 
	"TEAM_ID" NUMBER(19,0)
   ) SEGMENT CREATION IMMEDIATE 
  PCTFREE 10 PCTUSED 40 INITRANS 1 MAXTRANS 255 NOCOMPRESS LOGGING
  STORAGE(INITIAL 65536 NEXT 1048576 MINEXTENTS 1 MAXEXTENTS 2147483645
  PCTINCREASE 0 FREELISTS 1 FREELIST GROUPS 1 BUFFER_POOL DEFAULT FLASH_CACHE DEFAULT CELL_FLASH_CACHE DEFAULT)
  TABLESPACE "SYSTEM" ;
--------------------------------------------------------
--  DDL for Table EMPLOYEE_ISSUE
--------------------------------------------------------

  CREATE TABLE "MOCKAPI"."EMPLOYEE_ISSUE" 
   (	"ISSUES_ID" NUMBER(19,0), 
	"EMPLOYEE_ID" NUMBER(19,0), 
	"NOTE" VARCHAR2(255 CHAR), 
	"SPENT_TIME" FLOAT(126), 
	"STATUS_ID" NUMBER(19,0)
   ) SEGMENT CREATION IMMEDIATE 
  PCTFREE 10 PCTUSED 40 INITRANS 1 MAXTRANS 255 NOCOMPRESS LOGGING
  STORAGE(INITIAL 65536 NEXT 1048576 MINEXTENTS 1 MAXEXTENTS 2147483645
  PCTINCREASE 0 FREELISTS 1 FREELIST GROUPS 1 BUFFER_POOL DEFAULT FLASH_CACHE DEFAULT CELL_FLASH_CACHE DEFAULT)
  TABLESPACE "SYSTEM" ;
--------------------------------------------------------
--  DDL for Table EMPLOYEE_ROLE
--------------------------------------------------------

  CREATE TABLE "MOCKAPI"."EMPLOYEE_ROLE" 
   (	"EMPLOYEE_ID" NUMBER(19,0), 
	"ROLE_ID" NUMBER(19,0)
   ) SEGMENT CREATION IMMEDIATE 
  PCTFREE 10 PCTUSED 40 INITRANS 1 MAXTRANS 255 NOCOMPRESS LOGGING
  STORAGE(INITIAL 65536 NEXT 1048576 MINEXTENTS 1 MAXEXTENTS 2147483645
  PCTINCREASE 0 FREELISTS 1 FREELIST GROUPS 1 BUFFER_POOL DEFAULT FLASH_CACHE DEFAULT CELL_FLASH_CACHE DEFAULT)
  TABLESPACE "SYSTEM" ;
--------------------------------------------------------
--  DDL for Table ISSUE
--------------------------------------------------------

  CREATE TABLE "MOCKAPI"."ISSUE" 
   (	"ID" NUMBER(19,0), 
	"DESCRIPTION" VARCHAR2(255 CHAR), 
	"DONE_PERSENT" NUMBER(10,0), 
	"DUE_DATE" TIMESTAMP (6), 
	"NAME" VARCHAR2(255 CHAR), 
	"PRIORITY" VARCHAR2(255 CHAR), 
	"REASON" VARCHAR2(255 CHAR), 
	"START_DATE" TIMESTAMP (6), 
	"TYPE" VARCHAR2(255 CHAR), 
	"PROJECT_ID" NUMBER(19,0), 
	"STATUS_ID" NUMBER(19,0)
   ) SEGMENT CREATION IMMEDIATE 
  PCTFREE 10 PCTUSED 40 INITRANS 1 MAXTRANS 255 NOCOMPRESS LOGGING
  STORAGE(INITIAL 65536 NEXT 1048576 MINEXTENTS 1 MAXEXTENTS 2147483645
  PCTINCREASE 0 FREELISTS 1 FREELIST GROUPS 1 BUFFER_POOL DEFAULT FLASH_CACHE DEFAULT CELL_FLASH_CACHE DEFAULT)
  TABLESPACE "SYSTEM" ;
--------------------------------------------------------
--  DDL for Table ISSUES_HISTORY
--------------------------------------------------------

  CREATE TABLE "MOCKAPI"."ISSUES_HISTORY" 
   (	"ID" NUMBER(19,0), 
	"ISSUE_CHANGE" VARCHAR2(255 CHAR), 
	"COMMENTS" VARCHAR2(255 CHAR), 
	"UPDATE_DATE" TIMESTAMP (6), 
	"UPDATE_PERSON_ID" NUMBER(19,0), 
	"ISSUE_ID" NUMBER(19,0)
   ) SEGMENT CREATION IMMEDIATE 
  PCTFREE 10 PCTUSED 40 INITRANS 1 MAXTRANS 255 NOCOMPRESS LOGGING
  STORAGE(INITIAL 65536 NEXT 1048576 MINEXTENTS 1 MAXEXTENTS 2147483645
  PCTINCREASE 0 FREELISTS 1 FREELIST GROUPS 1 BUFFER_POOL DEFAULT FLASH_CACHE DEFAULT CELL_FLASH_CACHE DEFAULT)
  TABLESPACE "SYSTEM" ;
--------------------------------------------------------
--  DDL for Table NEWS
--------------------------------------------------------

  CREATE TABLE "MOCKAPI"."NEWS" 
   (	"ID" NUMBER(19,0), 
	"CONTENT" VARCHAR2(255 CHAR), 
	"POSTED" VARCHAR2(255 CHAR), 
	"SUMMARY" VARCHAR2(255 CHAR), 
	"THUMBNAIL" VARCHAR2(255 CHAR), 
	"TIME_POST" TIMESTAMP (6), 
	"TITLE" VARCHAR2(255 CHAR), 
	"EMPLOYEE_ID" NUMBER(19,0), 
	"NEWSCATEGORY_ID" NUMBER(19,0)
   ) SEGMENT CREATION IMMEDIATE 
  PCTFREE 10 PCTUSED 40 INITRANS 1 MAXTRANS 255 NOCOMPRESS LOGGING
  STORAGE(INITIAL 65536 NEXT 1048576 MINEXTENTS 1 MAXEXTENTS 2147483645
  PCTINCREASE 0 FREELISTS 1 FREELIST GROUPS 1 BUFFER_POOL DEFAULT FLASH_CACHE DEFAULT CELL_FLASH_CACHE DEFAULT)
  TABLESPACE "SYSTEM" ;
--------------------------------------------------------
--  DDL for Table NEWS_CATEGORY
--------------------------------------------------------

  CREATE TABLE "MOCKAPI"."NEWS_CATEGORY" 
   (	"ID" NUMBER(19,0), 
	"NAME" VARCHAR2(255 CHAR)
   ) SEGMENT CREATION IMMEDIATE 
  PCTFREE 10 PCTUSED 40 INITRANS 1 MAXTRANS 255 NOCOMPRESS LOGGING
  STORAGE(INITIAL 65536 NEXT 1048576 MINEXTENTS 1 MAXEXTENTS 2147483645
  PCTINCREASE 0 FREELISTS 1 FREELIST GROUPS 1 BUFFER_POOL DEFAULT FLASH_CACHE DEFAULT CELL_FLASH_CACHE DEFAULT)
  TABLESPACE "SYSTEM" ;
--------------------------------------------------------
--  DDL for Table POSITION
--------------------------------------------------------

  CREATE TABLE "MOCKAPI"."POSITION" 
   (	"ID" NUMBER(19,0), 
	"NAME" VARCHAR2(255 CHAR)
   ) SEGMENT CREATION IMMEDIATE 
  PCTFREE 10 PCTUSED 40 INITRANS 1 MAXTRANS 255 NOCOMPRESS LOGGING
  STORAGE(INITIAL 65536 NEXT 1048576 MINEXTENTS 1 MAXEXTENTS 2147483645
  PCTINCREASE 0 FREELISTS 1 FREELIST GROUPS 1 BUFFER_POOL DEFAULT FLASH_CACHE DEFAULT CELL_FLASH_CACHE DEFAULT)
  TABLESPACE "SYSTEM" ;
--------------------------------------------------------
--  DDL for Table PROJECT
--------------------------------------------------------

  CREATE TABLE "MOCKAPI"."PROJECT" 
   (	"ID" NUMBER(19,0), 
	"NAME" VARCHAR2(255 CHAR), 
	"STATUS_ID" NUMBER(19,0)
   ) SEGMENT CREATION IMMEDIATE 
  PCTFREE 10 PCTUSED 40 INITRANS 1 MAXTRANS 255 NOCOMPRESS LOGGING
  STORAGE(INITIAL 65536 NEXT 1048576 MINEXTENTS 1 MAXEXTENTS 2147483645
  PCTINCREASE 0 FREELISTS 1 FREELIST GROUPS 1 BUFFER_POOL DEFAULT FLASH_CACHE DEFAULT CELL_FLASH_CACHE DEFAULT)
  TABLESPACE "SYSTEM" ;
--------------------------------------------------------
--  DDL for Table ROLE
--------------------------------------------------------

  CREATE TABLE "MOCKAPI"."ROLE" 
   (	"ID" NUMBER(19,0), 
	"ROLE_NAME" VARCHAR2(255 CHAR)
   ) SEGMENT CREATION IMMEDIATE 
  PCTFREE 10 PCTUSED 40 INITRANS 1 MAXTRANS 255 NOCOMPRESS LOGGING
  STORAGE(INITIAL 65536 NEXT 1048576 MINEXTENTS 1 MAXEXTENTS 2147483645
  PCTINCREASE 0 FREELISTS 1 FREELIST GROUPS 1 BUFFER_POOL DEFAULT FLASH_CACHE DEFAULT CELL_FLASH_CACHE DEFAULT)
  TABLESPACE "SYSTEM" ;
--------------------------------------------------------
--  DDL for Table STATUS
--------------------------------------------------------

  CREATE TABLE "MOCKAPI"."STATUS" 
   (	"ID" NUMBER(19,0), 
	"NAME" VARCHAR2(255 CHAR), 
	"TYPE_ID" NUMBER(19,0)
   ) SEGMENT CREATION IMMEDIATE 
  PCTFREE 10 PCTUSED 40 INITRANS 1 MAXTRANS 255 NOCOMPRESS LOGGING
  STORAGE(INITIAL 65536 NEXT 1048576 MINEXTENTS 1 MAXEXTENTS 2147483645
  PCTINCREASE 0 FREELISTS 1 FREELIST GROUPS 1 BUFFER_POOL DEFAULT FLASH_CACHE DEFAULT CELL_FLASH_CACHE DEFAULT)
  TABLESPACE "SYSTEM" ;
--------------------------------------------------------
--  DDL for Table STATUS_TYPE
--------------------------------------------------------

  CREATE TABLE "MOCKAPI"."STATUS_TYPE" 
   (	"ID" NUMBER(19,0), 
	"NAME" VARCHAR2(255 CHAR)
   ) SEGMENT CREATION IMMEDIATE 
  PCTFREE 10 PCTUSED 40 INITRANS 1 MAXTRANS 255 NOCOMPRESS LOGGING
  STORAGE(INITIAL 65536 NEXT 1048576 MINEXTENTS 1 MAXEXTENTS 2147483645
  PCTINCREASE 0 FREELISTS 1 FREELIST GROUPS 1 BUFFER_POOL DEFAULT FLASH_CACHE DEFAULT CELL_FLASH_CACHE DEFAULT)
  TABLESPACE "SYSTEM" ;
--------------------------------------------------------
--  DDL for Table TEAM
--------------------------------------------------------

  CREATE TABLE "MOCKAPI"."TEAM" 
   (	"ID" NUMBER(19,0), 
	"LEADER_ID" NUMBER(10,0)
   ) SEGMENT CREATION IMMEDIATE 
  PCTFREE 10 PCTUSED 40 INITRANS 1 MAXTRANS 255 NOCOMPRESS LOGGING
  STORAGE(INITIAL 65536 NEXT 1048576 MINEXTENTS 1 MAXEXTENTS 2147483645
  PCTINCREASE 0 FREELISTS 1 FREELIST GROUPS 1 BUFFER_POOL DEFAULT FLASH_CACHE DEFAULT CELL_FLASH_CACHE DEFAULT)
  TABLESPACE "SYSTEM" ;
--------------------------------------------------------
--  DDL for Table TEAM_PROJECT
--------------------------------------------------------

  CREATE TABLE "MOCKAPI"."TEAM_PROJECT" 
   (	"TEAM_ID" NUMBER(19,0), 
	"PROJECT_ID" NUMBER(19,0), 
	"HANDOVER_DATE" TIMESTAMP (6), 
	"START_DATE" TIMESTAMP (6)
   ) SEGMENT CREATION IMMEDIATE 
  PCTFREE 10 PCTUSED 40 INITRANS 1 MAXTRANS 255 NOCOMPRESS LOGGING
  STORAGE(INITIAL 65536 NEXT 1048576 MINEXTENTS 1 MAXEXTENTS 2147483645
  PCTINCREASE 0 FREELISTS 1 FREELIST GROUPS 1 BUFFER_POOL DEFAULT FLASH_CACHE DEFAULT CELL_FLASH_CACHE DEFAULT)
  TABLESPACE "SYSTEM" ;
REM INSERTING into MOCKAPI.ABSENT
SET DEFINE OFF;
Insert into MOCKAPI.ABSENT (ID,NUMBER_DAY,REASON,PERSON_ABSENT_ID,PERSON_APPROVE_ID,STATUS_ID) values (1,23,'testjson',1,2,1);
Insert into MOCKAPI.ABSENT (ID,NUMBER_DAY,REASON,PERSON_ABSENT_ID,PERSON_APPROVE_ID,STATUS_ID) values (2,21,'tesssssssssssssssssssssssssstewtwetwettttttttttttttttttttttt',2,3,2);
Insert into MOCKAPI.ABSENT (ID,NUMBER_DAY,REASON,PERSON_ABSENT_ID,PERSON_APPROVE_ID,STATUS_ID) values (3,11,'abcqweasd',3,5,3);
Insert into MOCKAPI.ABSENT (ID,NUMBER_DAY,REASON,PERSON_ABSENT_ID,PERSON_APPROVE_ID,STATUS_ID) values (4,4,'qwere',4,27,4);
REM INSERTING into MOCKAPI.CONFIRMATION_TOKEN
SET DEFINE OFF;
Insert into MOCKAPI.CONFIRMATION_TOKEN (ID,DATETIME_CREATED,TOKEN,USED,EMPLOYEE_ID) values (1,to_timestamp('17-JAN-20 01.04.29.841000000 AM','DD-MON-RR HH.MI.SSXFF AM'),'85e1a544-dcf9-4a0d-bcc7-90bbccc51f86',0,null);
Insert into MOCKAPI.CONFIRMATION_TOKEN (ID,DATETIME_CREATED,TOKEN,USED,EMPLOYEE_ID) values (2,to_timestamp('17-JAN-20 01.18.48.314000000 AM','DD-MON-RR HH.MI.SSXFF AM'),'a5829c94-3d1e-46c2-a6bc-93ed61fe9195',0,null);
Insert into MOCKAPI.CONFIRMATION_TOKEN (ID,DATETIME_CREATED,TOKEN,USED,EMPLOYEE_ID) values (3,to_timestamp('17-JAN-20 01.27.08.115000000 AM','DD-MON-RR HH.MI.SSXFF AM'),'ec685832-8fa6-4281-9464-a728f7c3ffce',0,null);
Insert into MOCKAPI.CONFIRMATION_TOKEN (ID,DATETIME_CREATED,TOKEN,USED,EMPLOYEE_ID) values (21,to_timestamp('17-JAN-20 09.24.33.030000000 AM','DD-MON-RR HH.MI.SSXFF AM'),'f8a3290f-71df-4553-9559-9ad925e41e9f',0,null);
Insert into MOCKAPI.CONFIRMATION_TOKEN (ID,DATETIME_CREATED,TOKEN,USED,EMPLOYEE_ID) values (22,to_timestamp('17-JAN-20 10.13.36.682000000 AM','DD-MON-RR HH.MI.SSXFF AM'),'5b5874a7-38fd-4829-ba3a-2e608beb06ee',1,42);
Insert into MOCKAPI.CONFIRMATION_TOKEN (ID,DATETIME_CREATED,TOKEN,USED,EMPLOYEE_ID) values (23,to_timestamp('17-JAN-20 10.19.50.397000000 AM','DD-MON-RR HH.MI.SSXFF AM'),'7cf2d27c-30d0-44f7-8d8b-074085b27d21',1,43);
REM INSERTING into MOCKAPI.DEPARTMENT
SET DEFINE OFF;
Insert into MOCKAPI.DEPARTMENT (ID,LOCATION,MANAGER_ID,DEPARTMENT_NAME) values (1,'Hà Nội',2,'Tester');
Insert into MOCKAPI.DEPARTMENT (ID,LOCATION,MANAGER_ID,DEPARTMENT_NAME) values (2,'Hà Nội',3,'Developer');
Insert into MOCKAPI.DEPARTMENT (ID,LOCATION,MANAGER_ID,DEPARTMENT_NAME) values (3,'Hà Nội',4,'Human Resources');
Insert into MOCKAPI.DEPARTMENT (ID,LOCATION,MANAGER_ID,DEPARTMENT_NAME) values (4,'Hà Nội',2,'Tester');
Insert into MOCKAPI.DEPARTMENT (ID,LOCATION,MANAGER_ID,DEPARTMENT_NAME) values (5,'Hà Nội',3,'Developer');
Insert into MOCKAPI.DEPARTMENT (ID,LOCATION,MANAGER_ID,DEPARTMENT_NAME) values (6,'Hà Nội',4,'Human Resources');
REM INSERTING into MOCKAPI.EMPLOYEE
SET DEFINE OFF;
Insert into MOCKAPI.EMPLOYEE (ID,ADDRESS,BIRTHDAY,CREATED_DATE,EDUCATION,EMAIL,FACULTY,FACEBOOK,FULLNAME,GRADUATED_YEAR,IMAGE_URL,IS_ACTIVED,IS_LEADER,IS_MANAGER,LAST_ACCESS,PASSWORD,PHONE_NUMBER,SKYPE_ACCOUNT,UNIVERSITY,USER_TYPE,USERNAME,DEPARTMENT_ID,POSITION_ID,TEAM_ID) values (1,'Hà Nội',to_timestamp('30-DEC-97 12.00.00.000000000 AM','DD-MON-RR HH.MI.SSXFF AM'),to_timestamp('19-MAY-19 12.00.00.000000000 AM','DD-MON-RR HH.MI.SSXFF AM'),null,'dungdq96@gmail.com',null,null,'Đỗ Quang Dũng',2019,null,1,1,0,to_timestamp('29-DEC-19 12.00.00.000000000 AM','DD-MON-RR HH.MI.SSXFF AM'),'123456',986198276,'dungdq96','PTIT','Nhân viên','dungdq96',1,2,2);
Insert into MOCKAPI.EMPLOYEE (ID,ADDRESS,BIRTHDAY,CREATED_DATE,EDUCATION,EMAIL,FACULTY,FACEBOOK,FULLNAME,GRADUATED_YEAR,IMAGE_URL,IS_ACTIVED,IS_LEADER,IS_MANAGER,LAST_ACCESS,PASSWORD,PHONE_NUMBER,SKYPE_ACCOUNT,UNIVERSITY,USER_TYPE,USERNAME,DEPARTMENT_ID,POSITION_ID,TEAM_ID) values (2,'Hà Nội',to_timestamp('12-DEC-99 12.00.00.000000000 AM','DD-MON-RR HH.MI.SSXFF AM'),to_timestamp('09-MAY-19 12.00.00.000000000 AM','DD-MON-RR HH.MI.SSXFF AM'),null,'tranvancuong97@gmail.com',null,null,'Trần Văn Cường',2020,null,1,1,0,to_timestamp('31-DEC-19 12.00.00.000000000 AM','DD-MON-RR HH.MI.SSXFF AM'),'123456',976182712,'trancuong97','Freelancer','Nhân viên','tranvancuong97',2,2,1);
Insert into MOCKAPI.EMPLOYEE (ID,ADDRESS,BIRTHDAY,CREATED_DATE,EDUCATION,EMAIL,FACULTY,FACEBOOK,FULLNAME,GRADUATED_YEAR,IMAGE_URL,IS_ACTIVED,IS_LEADER,IS_MANAGER,LAST_ACCESS,PASSWORD,PHONE_NUMBER,SKYPE_ACCOUNT,UNIVERSITY,USER_TYPE,USERNAME,DEPARTMENT_ID,POSITION_ID,TEAM_ID) values (3,'Thái Bình',to_timestamp('01-JUN-97 12.00.00.000000000 AM','DD-MON-RR HH.MI.SSXFF AM'),to_timestamp('07-JUL-19 12.00.00.000000000 AM','DD-MON-RR HH.MI.SSXFF AM'),null,'dttthao@yahoo.com',null,null,'Đặng Thị Thu Thảo',2018,null,1,0,0,to_timestamp('10-DEC-19 12.00.00.000000000 AM','DD-MON-RR HH.MI.SSXFF AM'),'123456',985261726,'dtthao','HNU','Học việc','dttthao21',3,4,2);
Insert into MOCKAPI.EMPLOYEE (ID,ADDRESS,BIRTHDAY,CREATED_DATE,EDUCATION,EMAIL,FACULTY,FACEBOOK,FULLNAME,GRADUATED_YEAR,IMAGE_URL,IS_ACTIVED,IS_LEADER,IS_MANAGER,LAST_ACCESS,PASSWORD,PHONE_NUMBER,SKYPE_ACCOUNT,UNIVERSITY,USER_TYPE,USERNAME,DEPARTMENT_ID,POSITION_ID,TEAM_ID) values (4,'Hà Nội',to_timestamp('08-DEC-93 12.00.00.000000000 AM','DD-MON-RR HH.MI.SSXFF AM'),to_timestamp('19-OCT-17 12.00.00.000000000 AM','DD-MON-RR HH.MI.SSXFF AM'),null,'dinhquang@itsol.com',null,null,'Trịnh Đình Quang',2018,null,1,1,1,to_timestamp('17-DEC-19 12.00.00.000000000 AM','DD-MON-RR HH.MI.SSXFF AM'),'123456',981267271,'dinhquang1','HUST','Nhân viên','dinhquang',4,3,2);
Insert into MOCKAPI.EMPLOYEE (ID,ADDRESS,BIRTHDAY,CREATED_DATE,EDUCATION,EMAIL,FACULTY,FACEBOOK,FULLNAME,GRADUATED_YEAR,IMAGE_URL,IS_ACTIVED,IS_LEADER,IS_MANAGER,LAST_ACCESS,PASSWORD,PHONE_NUMBER,SKYPE_ACCOUNT,UNIVERSITY,USER_TYPE,USERNAME,DEPARTMENT_ID,POSITION_ID,TEAM_ID) values (5,'Hà Nội',to_timestamp('09-AUG-99 12.00.00.000000000 AM','DD-MON-RR HH.MI.SSXFF AM'),to_timestamp('19-NOV-17 12.00.00.000000000 AM','DD-MON-RR HH.MI.SSXFF AM'),null,'tonthang1@itsol.com',null,null,'Tôn Đức Thắng',2018,null,1,0,1,to_timestamp('08-DEC-19 12.00.00.000000000 AM','DD-MON-RR HH.MI.SSXFF AM'),'123456',36928127,'tonthang32','PTIT','Nhân viên','tonthang1',5,3,1);
Insert into MOCKAPI.EMPLOYEE (ID,ADDRESS,BIRTHDAY,CREATED_DATE,EDUCATION,EMAIL,FACULTY,FACEBOOK,FULLNAME,GRADUATED_YEAR,IMAGE_URL,IS_ACTIVED,IS_LEADER,IS_MANAGER,LAST_ACCESS,PASSWORD,PHONE_NUMBER,SKYPE_ACCOUNT,UNIVERSITY,USER_TYPE,USERNAME,DEPARTMENT_ID,POSITION_ID,TEAM_ID) values (6,'Hà Nội',to_timestamp('18-NOV-93 12.00.00.000000000 AM','DD-MON-RR HH.MI.SSXFF AM'),to_timestamp('20-DEC-18 12.00.00.000000000 AM','DD-MON-RR HH.MI.SSXFF AM'),null,'dangan@gmail.com',null,null,'Đặng Thế An',2017,null,1,0,0,to_timestamp('10-OCT-18 12.00.00.000000000 AM','DD-MON-RR HH.MI.SSXFF AM'),'123456',37827192,'dangan93','HUS','Nhân viên','dangan9',6,1,2);
Insert into MOCKAPI.EMPLOYEE (ID,ADDRESS,BIRTHDAY,CREATED_DATE,EDUCATION,EMAIL,FACULTY,FACEBOOK,FULLNAME,GRADUATED_YEAR,IMAGE_URL,IS_ACTIVED,IS_LEADER,IS_MANAGER,LAST_ACCESS,PASSWORD,PHONE_NUMBER,SKYPE_ACCOUNT,UNIVERSITY,USER_TYPE,USERNAME,DEPARTMENT_ID,POSITION_ID,TEAM_ID) values (7,'Hà Giang',to_timestamp('19-JAN-99 12.00.00.000000000 AM','DD-MON-RR HH.MI.SSXFF AM'),to_timestamp('09-MAY-19 12.00.00.000000000 AM','DD-MON-RR HH.MI.SSXFF AM'),null,'ngkhvan@yahoo.com',null,null,'Nguyễn Khánh Vân',2018,null,1,0,0,to_timestamp('08-AUG-19 12.00.00.000000000 AM','DD-MON-RR HH.MI.SSXFF AM'),'654321',897672516,'nkvan98','VNU','Thực tập','ngkhanhvan1',1,4,3);
Insert into MOCKAPI.EMPLOYEE (ID,ADDRESS,BIRTHDAY,CREATED_DATE,EDUCATION,EMAIL,FACULTY,FACEBOOK,FULLNAME,GRADUATED_YEAR,IMAGE_URL,IS_ACTIVED,IS_LEADER,IS_MANAGER,LAST_ACCESS,PASSWORD,PHONE_NUMBER,SKYPE_ACCOUNT,UNIVERSITY,USER_TYPE,USERNAME,DEPARTMENT_ID,POSITION_ID,TEAM_ID) values (8,'Hà Nội',to_timestamp('30-MAY-98 12.00.00.000000000 AM','DD-MON-RR HH.MI.SSXFF AM'),to_timestamp('19-JAN-19 12.00.00.000000000 AM','DD-MON-RR HH.MI.SSXFF AM'),null,'daothang@outlook.com',null,null,'Đào Đức Thắng',2019,null,1,0,0,to_timestamp('07-FEB-19 12.00.00.000000000 AM','DD-MON-RR HH.MI.SSXFF AM'),'654321',36928127,'daothang8','HUST','Sinh viên','daothang98',1,1,3);
Insert into MOCKAPI.EMPLOYEE (ID,ADDRESS,BIRTHDAY,CREATED_DATE,EDUCATION,EMAIL,FACULTY,FACEBOOK,FULLNAME,GRADUATED_YEAR,IMAGE_URL,IS_ACTIVED,IS_LEADER,IS_MANAGER,LAST_ACCESS,PASSWORD,PHONE_NUMBER,SKYPE_ACCOUNT,UNIVERSITY,USER_TYPE,USERNAME,DEPARTMENT_ID,POSITION_ID,TEAM_ID) values (26,'hà nội',to_timestamp('09-JAN-20 07.00.00.000000000 AM','DD-MON-RR HH.MI.SSXFF AM'),to_timestamp('09-JAN-20 07.00.00.000000000 AM','DD-MON-RR HH.MI.SSXFF AM'),'mta','tuanabc@gmail.com','nnnnn','facebook.com','Tuấn',2020,'ắeqweqweqweqw',1,0,0,null,'$2a$10$h1tRkH1Ds.S0BeyoqbFnEesdcibcTP/4p5MYHyPgjbNh7UXW7w1LK',339569363,'skype.com','mta','Nhân viên','test',2,1,1);
Insert into MOCKAPI.EMPLOYEE (ID,ADDRESS,BIRTHDAY,CREATED_DATE,EDUCATION,EMAIL,FACULTY,FACEBOOK,FULLNAME,GRADUATED_YEAR,IMAGE_URL,IS_ACTIVED,IS_LEADER,IS_MANAGER,LAST_ACCESS,PASSWORD,PHONE_NUMBER,SKYPE_ACCOUNT,UNIVERSITY,USER_TYPE,USERNAME,DEPARTMENT_ID,POSITION_ID,TEAM_ID) values (27,'hà nội',to_timestamp('09-JAN-20 07.00.00.000000000 AM','DD-MON-RR HH.MI.SSXFF AM'),to_timestamp('09-JAN-20 07.00.00.000000000 AM','DD-MON-RR HH.MI.SSXFF AM'),'mta','tuanabc@gmail.com','nnnnn','facebook.com','Tuấn',2020,'ắeqweqweqweqw',1,0,0,to_timestamp('09-JAN-20 07.00.00.000000000 AM','DD-MON-RR HH.MI.SSXFF AM'),'$2a$10$7e4N9m4eSJdJGCtKhWr3qeQSBcixiPQaz5/NdbfV4HItE65kaiKC2',339569363,'skype.com','mta','Nhân viên','test',3,2,2);
Insert into MOCKAPI.EMPLOYEE (ID,ADDRESS,BIRTHDAY,CREATED_DATE,EDUCATION,EMAIL,FACULTY,FACEBOOK,FULLNAME,GRADUATED_YEAR,IMAGE_URL,IS_ACTIVED,IS_LEADER,IS_MANAGER,LAST_ACCESS,PASSWORD,PHONE_NUMBER,SKYPE_ACCOUNT,UNIVERSITY,USER_TYPE,USERNAME,DEPARTMENT_ID,POSITION_ID,TEAM_ID) values (28,'hà nội',to_timestamp('09-JAN-20 07.00.00.000000000 AM','DD-MON-RR HH.MI.SSXFF AM'),to_timestamp('09-JAN-20 07.00.00.000000000 AM','DD-MON-RR HH.MI.SSXFF AM'),'mta','tuanabc@gmail.com','nnnnn','facebook.com','Tuấn',2020,'ắeqweqweqweqw',1,0,0,to_timestamp('09-JAN-20 07.00.00.000000000 AM','DD-MON-RR HH.MI.SSXFF AM'),'$2a$10$OZrqXeS3ocU4hLYRtZwAAupe1YLbYtMy7WwVaOn0VBQy.lJQW3BFW',339569363,'skype.com','mta','Nhân viên','test',4,1,3);
Insert into MOCKAPI.EMPLOYEE (ID,ADDRESS,BIRTHDAY,CREATED_DATE,EDUCATION,EMAIL,FACULTY,FACEBOOK,FULLNAME,GRADUATED_YEAR,IMAGE_URL,IS_ACTIVED,IS_LEADER,IS_MANAGER,LAST_ACCESS,PASSWORD,PHONE_NUMBER,SKYPE_ACCOUNT,UNIVERSITY,USER_TYPE,USERNAME,DEPARTMENT_ID,POSITION_ID,TEAM_ID) values (29,'hà nội',to_timestamp('09-JAN-20 07.00.00.000000000 AM','DD-MON-RR HH.MI.SSXFF AM'),to_timestamp('09-JAN-20 07.00.00.000000000 AM','DD-MON-RR HH.MI.SSXFF AM'),'mta','tuanabc@gmail.com','nnnnn','facebook.com','Tuấn',2020,'ắeqweqweqweqw',1,0,0,to_timestamp('09-JAN-20 07.00.00.000000000 AM','DD-MON-RR HH.MI.SSXFF AM'),'$2a$10$0hbqnugmIl.uzFbmi52O7eRj.rIpSL1Pkhale2I5peYqQ49X47/VO',339569363,'skype.com','mta','Nhân viên','test',6,2,2);
Insert into MOCKAPI.EMPLOYEE (ID,ADDRESS,BIRTHDAY,CREATED_DATE,EDUCATION,EMAIL,FACULTY,FACEBOOK,FULLNAME,GRADUATED_YEAR,IMAGE_URL,IS_ACTIVED,IS_LEADER,IS_MANAGER,LAST_ACCESS,PASSWORD,PHONE_NUMBER,SKYPE_ACCOUNT,UNIVERSITY,USER_TYPE,USERNAME,DEPARTMENT_ID,POSITION_ID,TEAM_ID) values (25,'hà nội',to_timestamp('09-JAN-20 07.00.00.000000000 AM','DD-MON-RR HH.MI.SSXFF AM'),to_timestamp('15-JAN-20 09.35.25.457000000 AM','DD-MON-RR HH.MI.SSXFF AM'),'mta','tuanabc@gmail.com','nnnnn','facebook.com',null,2020,'ắeqweqweqweqw',1,0,0,null,'$2a$10$tz3Korllf.P5Se1LlilVou/5jpcki42DiU.63OEhBHrI9rUA3Nxmi',339569363,'skype.com','mta','Nhân viên','test',5,1,1);
Insert into MOCKAPI.EMPLOYEE (ID,ADDRESS,BIRTHDAY,CREATED_DATE,EDUCATION,EMAIL,FACULTY,FACEBOOK,FULLNAME,GRADUATED_YEAR,IMAGE_URL,IS_ACTIVED,IS_LEADER,IS_MANAGER,LAST_ACCESS,PASSWORD,PHONE_NUMBER,SKYPE_ACCOUNT,UNIVERSITY,USER_TYPE,USERNAME,DEPARTMENT_ID,POSITION_ID,TEAM_ID) values (30,'hà nội',to_timestamp('09-JAN-20 07.00.00.000000000 AM','DD-MON-RR HH.MI.SSXFF AM'),to_timestamp('09-JAN-20 07.00.00.000000000 AM','DD-MON-RR HH.MI.SSXFF AM'),'mta','tuanabc@gmail.com','nnnnn','facebook.com','Tuấn',2020,'ắeqweqweqweqw',1,0,0,to_timestamp('09-JAN-20 07.00.00.000000000 AM','DD-MON-RR HH.MI.SSXFF AM'),'$2a$10$c4KLaCzqKruX5tN/eJEjQ.sXaJKfYb5zb/QkH6hxzunbu4GvML2Qy',339569363,'skype.com','mta','Nhân viên','asdasd',1,2,1);
Insert into MOCKAPI.EMPLOYEE (ID,ADDRESS,BIRTHDAY,CREATED_DATE,EDUCATION,EMAIL,FACULTY,FACEBOOK,FULLNAME,GRADUATED_YEAR,IMAGE_URL,IS_ACTIVED,IS_LEADER,IS_MANAGER,LAST_ACCESS,PASSWORD,PHONE_NUMBER,SKYPE_ACCOUNT,UNIVERSITY,USER_TYPE,USERNAME,DEPARTMENT_ID,POSITION_ID,TEAM_ID) values (31,'hà nội',to_timestamp('09-JAN-20 07.00.00.000000000 AM','DD-MON-RR HH.MI.SSXFF AM'),to_timestamp('09-JAN-20 07.00.00.000000000 AM','DD-MON-RR HH.MI.SSXFF AM'),'mta','tuanabc@gmail.com','nnnnn','facebook.com','Tuấn',2020,'ắeqweqweqweqw',1,0,0,to_timestamp('09-JAN-20 07.00.00.000000000 AM','DD-MON-RR HH.MI.SSXFF AM'),'$2a$10$S0smpTyQ6slKgayvd0jh2O1xYtfMQj9XHkftN/xsZqU8JA14QxiQ.',339569363,'skype.com','mta','Nhân viên','asdasqwed',3,1,2);
Insert into MOCKAPI.EMPLOYEE (ID,ADDRESS,BIRTHDAY,CREATED_DATE,EDUCATION,EMAIL,FACULTY,FACEBOOK,FULLNAME,GRADUATED_YEAR,IMAGE_URL,IS_ACTIVED,IS_LEADER,IS_MANAGER,LAST_ACCESS,PASSWORD,PHONE_NUMBER,SKYPE_ACCOUNT,UNIVERSITY,USER_TYPE,USERNAME,DEPARTMENT_ID,POSITION_ID,TEAM_ID) values (32,'hà nội',to_timestamp('09-JAN-20 07.00.00.000000000 AM','DD-MON-RR HH.MI.SSXFF AM'),to_timestamp('09-JAN-20 07.00.00.000000000 AM','DD-MON-RR HH.MI.SSXFF AM'),'mta','tuanabc@gmail.com','nnnnn','facebook.com','Tuấn',2020,'ắeqweqweqweqw',1,0,0,to_timestamp('09-JAN-20 07.00.00.000000000 AM','DD-MON-RR HH.MI.SSXFF AM'),'9IDLtxx3',339569363,'skype.com','mta','Nhân viên','12312aaaa',2,2,2);
Insert into MOCKAPI.EMPLOYEE (ID,ADDRESS,BIRTHDAY,CREATED_DATE,EDUCATION,EMAIL,FACULTY,FACEBOOK,FULLNAME,GRADUATED_YEAR,IMAGE_URL,IS_ACTIVED,IS_LEADER,IS_MANAGER,LAST_ACCESS,PASSWORD,PHONE_NUMBER,SKYPE_ACCOUNT,UNIVERSITY,USER_TYPE,USERNAME,DEPARTMENT_ID,POSITION_ID,TEAM_ID) values (37,'hà nội',to_timestamp('09-JAN-20 07.00.00.000000000 AM','DD-MON-RR HH.MI.SSXFF AM'),null,'mta','brucelee096@gmail.com','nnnnn','facebook.com','Tuấn',2020,'ắeqweqweqweqw',1,0,0,to_timestamp('09-JAN-20 07.00.00.000000000 AM','DD-MON-RR HH.MI.SSXFF AM'),'$2a$10$q9VT8w/c3HECXzI47bdopuZxAGpnJDCJCXyinp40EwmyAFegMmUte',0,'skype.com','mta','Nhân viên','tuan123',1,4,1);
Insert into MOCKAPI.EMPLOYEE (ID,ADDRESS,BIRTHDAY,CREATED_DATE,EDUCATION,EMAIL,FACULTY,FACEBOOK,FULLNAME,GRADUATED_YEAR,IMAGE_URL,IS_ACTIVED,IS_LEADER,IS_MANAGER,LAST_ACCESS,PASSWORD,PHONE_NUMBER,SKYPE_ACCOUNT,UNIVERSITY,USER_TYPE,USERNAME,DEPARTMENT_ID,POSITION_ID,TEAM_ID) values (38,'hà nội',to_timestamp('09-JAN-20 07.00.00.000000000 AM','DD-MON-RR HH.MI.SSXFF AM'),null,'mta','brucelee096@gmail.com','nnnnn','facebook.com','Tuấn',2020,'ắeqweqweqweqw',1,0,0,to_timestamp('09-JAN-20 07.00.00.000000000 AM','DD-MON-RR HH.MI.SSXFF AM'),'$2a$10$vSS1xb7QOVv21v7K7r9uaug/UcR8.muyAQ2E3sBxk/8V3W2YS9gse',0,'skype.com','mta','Nhân viên','tuan321',2,2,2);
Insert into MOCKAPI.EMPLOYEE (ID,ADDRESS,BIRTHDAY,CREATED_DATE,EDUCATION,EMAIL,FACULTY,FACEBOOK,FULLNAME,GRADUATED_YEAR,IMAGE_URL,IS_ACTIVED,IS_LEADER,IS_MANAGER,LAST_ACCESS,PASSWORD,PHONE_NUMBER,SKYPE_ACCOUNT,UNIVERSITY,USER_TYPE,USERNAME,DEPARTMENT_ID,POSITION_ID,TEAM_ID) values (39,'hà nội',to_timestamp('09-JAN-20 07.00.00.000000000 AM','DD-MON-RR HH.MI.SSXFF AM'),null,'mta','brucelee096@gmail.com','nnnnn','facebook.com','Tuấn',2020,'ắeqweqweqweqw',1,0,0,to_timestamp('09-JAN-20 07.00.00.000000000 AM','DD-MON-RR HH.MI.SSXFF AM'),'$2a$10$5HBWANVwQh9mJ223x8NH5.YaX9.z6lGzNpnW0ESOfETAsSVXUDd4S',0,'skype.com','mta','Nhân viên','tuan3213',3,4,1);
Insert into MOCKAPI.EMPLOYEE (ID,ADDRESS,BIRTHDAY,CREATED_DATE,EDUCATION,EMAIL,FACULTY,FACEBOOK,FULLNAME,GRADUATED_YEAR,IMAGE_URL,IS_ACTIVED,IS_LEADER,IS_MANAGER,LAST_ACCESS,PASSWORD,PHONE_NUMBER,SKYPE_ACCOUNT,UNIVERSITY,USER_TYPE,USERNAME,DEPARTMENT_ID,POSITION_ID,TEAM_ID) values (40,'hà nội',to_timestamp('09-JAN-20 07.00.00.000000000 AM','DD-MON-RR HH.MI.SSXFF AM'),null,'mta','brucelee096@gmail.com','nnnnn','facebook.com','Tuấn',2020,'ắeqweqweqweqw',1,0,0,to_timestamp('09-JAN-20 07.00.00.000000000 AM','DD-MON-RR HH.MI.SSXFF AM'),'$2a$10$ZIL2PusxCbJuRAi2jVYUGeYD/sZTblhltWnYq6pwwkHvz6PdjvaXe',0,'skype.com','mta','Nhân viên','tuan222',1,2,1);
Insert into MOCKAPI.EMPLOYEE (ID,ADDRESS,BIRTHDAY,CREATED_DATE,EDUCATION,EMAIL,FACULTY,FACEBOOK,FULLNAME,GRADUATED_YEAR,IMAGE_URL,IS_ACTIVED,IS_LEADER,IS_MANAGER,LAST_ACCESS,PASSWORD,PHONE_NUMBER,SKYPE_ACCOUNT,UNIVERSITY,USER_TYPE,USERNAME,DEPARTMENT_ID,POSITION_ID,TEAM_ID) values (41,'hà nội',to_timestamp('09-JAN-20 07.00.00.000000000 AM','DD-MON-RR HH.MI.SSXFF AM'),null,'mta','brucelee096@gmail.com','nnnnn','facebook.com','Tuấn',2020,'ắeqweqweqweqw',1,0,0,to_timestamp('09-JAN-20 07.00.00.000000000 AM','DD-MON-RR HH.MI.SSXFF AM'),'$2a$10$2MoMfheglalFuY1nzLDPZeNk0gJ3zhy2gGXcfnlXlzIBR0DYLB6M.',0,'skype.com','mta','Nhân viên','TUAN121',2,4,2);
Insert into MOCKAPI.EMPLOYEE (ID,ADDRESS,BIRTHDAY,CREATED_DATE,EDUCATION,EMAIL,FACULTY,FACEBOOK,FULLNAME,GRADUATED_YEAR,IMAGE_URL,IS_ACTIVED,IS_LEADER,IS_MANAGER,LAST_ACCESS,PASSWORD,PHONE_NUMBER,SKYPE_ACCOUNT,UNIVERSITY,USER_TYPE,USERNAME,DEPARTMENT_ID,POSITION_ID,TEAM_ID) values (42,'hà nội',to_timestamp('09-JAN-20 07.00.00.000000000 AM','DD-MON-RR HH.MI.SSXFF AM'),null,'mta','brucelee096@gmail.com','nnnnn','facebook.com','Tuấn',2020,'ắeqweqweqweqw',1,0,0,to_timestamp('09-JAN-20 07.00.00.000000000 AM','DD-MON-RR HH.MI.SSXFF AM'),'$2a$10$eUrW1kIASefe5GtlUYf8YO7Cvrph4kkvntqOzNMaGrww/gC0pKg6.',0,'skype.com','mta','Nhân viên','test123',3,2,2);
Insert into MOCKAPI.EMPLOYEE (ID,ADDRESS,BIRTHDAY,CREATED_DATE,EDUCATION,EMAIL,FACULTY,FACEBOOK,FULLNAME,GRADUATED_YEAR,IMAGE_URL,IS_ACTIVED,IS_LEADER,IS_MANAGER,LAST_ACCESS,PASSWORD,PHONE_NUMBER,SKYPE_ACCOUNT,UNIVERSITY,USER_TYPE,USERNAME,DEPARTMENT_ID,POSITION_ID,TEAM_ID) values (43,'hà nội',to_timestamp('09-JAN-20 07.00.00.000000000 AM','DD-MON-RR HH.MI.SSXFF AM'),null,'mta','brucelee096@gmail.com','nnnnn','facebook.com','Tuấn',2020,'ắeqweqweqweqw',1,0,0,to_timestamp('09-JAN-20 07.00.00.000000000 AM','DD-MON-RR HH.MI.SSXFF AM'),'$2a$10$HIiYbijcXGxxr1yX8q3xOulUuKpLQoRsZYkG5gTp7yAN5QV7cLpt2',0,'skype.com','mta','Nhân viên','check123',1,4,1);
REM INSERTING into MOCKAPI.EMPLOYEE_ISSUE
SET DEFINE OFF;
REM INSERTING into MOCKAPI.EMPLOYEE_ROLE
SET DEFINE OFF;
Insert into MOCKAPI.EMPLOYEE_ROLE (EMPLOYEE_ID,ROLE_ID) values (1,1);
Insert into MOCKAPI.EMPLOYEE_ROLE (EMPLOYEE_ID,ROLE_ID) values (2,1);
Insert into MOCKAPI.EMPLOYEE_ROLE (EMPLOYEE_ID,ROLE_ID) values (3,2);
Insert into MOCKAPI.EMPLOYEE_ROLE (EMPLOYEE_ID,ROLE_ID) values (4,3);
Insert into MOCKAPI.EMPLOYEE_ROLE (EMPLOYEE_ID,ROLE_ID) values (5,4);
Insert into MOCKAPI.EMPLOYEE_ROLE (EMPLOYEE_ID,ROLE_ID) values (6,5);
Insert into MOCKAPI.EMPLOYEE_ROLE (EMPLOYEE_ID,ROLE_ID) values (37,5);
Insert into MOCKAPI.EMPLOYEE_ROLE (EMPLOYEE_ID,ROLE_ID) values (38,5);
Insert into MOCKAPI.EMPLOYEE_ROLE (EMPLOYEE_ID,ROLE_ID) values (39,5);
Insert into MOCKAPI.EMPLOYEE_ROLE (EMPLOYEE_ID,ROLE_ID) values (40,5);
Insert into MOCKAPI.EMPLOYEE_ROLE (EMPLOYEE_ID,ROLE_ID) values (41,5);
Insert into MOCKAPI.EMPLOYEE_ROLE (EMPLOYEE_ID,ROLE_ID) values (42,5);
Insert into MOCKAPI.EMPLOYEE_ROLE (EMPLOYEE_ID,ROLE_ID) values (43,5);
REM INSERTING into MOCKAPI.ISSUE
SET DEFINE OFF;
Insert into MOCKAPI.ISSUE (ID,DESCRIPTION,DONE_PERSENT,DUE_DATE,NAME,PRIORITY,REASON,START_DATE,TYPE,PROJECT_ID,STATUS_ID) values (1,'ABC',12,to_timestamp('10-JAN-20 04.18.36.873000000 PM','DD-MON-RR HH.MI.SSXFF AM'),'TEST','AAAA','DDDD',to_timestamp('10-JAN-20 04.18.58.154000000 PM','DD-MON-RR HH.MI.SSXFF AM'),'DEN',1,1);
Insert into MOCKAPI.ISSUE (ID,DESCRIPTION,DONE_PERSENT,DUE_DATE,NAME,PRIORITY,REASON,START_DATE,TYPE,PROJECT_ID,STATUS_ID) values (2,'BCD',32,to_timestamp('10-JAN-20 04.18.38.979000000 PM','DD-MON-RR HH.MI.SSXFF AM'),'TEST','BBBB','CCCC',to_timestamp('10-JAN-20 04.19.01.588000000 PM','DD-MON-RR HH.MI.SSXFF AM'),'DDDAAA',2,2);
REM INSERTING into MOCKAPI.ISSUES_HISTORY
SET DEFINE OFF;
Insert into MOCKAPI.ISSUES_HISTORY (ID,ISSUE_CHANGE,COMMENTS,UPDATE_DATE,UPDATE_PERSON_ID,ISSUE_ID) values (1,'ASD','QWQWE',to_timestamp('10-JAN-20 04.19.48.825000000 PM','DD-MON-RR HH.MI.SSXFF AM'),1,2);
Insert into MOCKAPI.ISSUES_HISTORY (ID,ISSUE_CHANGE,COMMENTS,UPDATE_DATE,UPDATE_PERSON_ID,ISSUE_ID) values (2,'ASDQWE','ASDASD',to_timestamp('10-JAN-20 04.19.51.612000000 PM','DD-MON-RR HH.MI.SSXFF AM'),2,1);
REM INSERTING into MOCKAPI.NEWS
SET DEFINE OFF;
Insert into MOCKAPI.NEWS (ID,CONTENT,POSTED,SUMMARY,THUMBNAIL,TIME_POST,TITLE,EMPLOYEE_ID,NEWSCATEGORY_ID) values (1,'tét json nè','ahahahah','ádasdasd','qưeqweqw',to_timestamp('10-JAN-20 01.14.15.244000000 PM','DD-MON-RR HH.MI.SSXFF AM'),'wwww',1,1);
Insert into MOCKAPI.NEWS (ID,CONTENT,POSTED,SUMMARY,THUMBNAIL,TIME_POST,TITLE,EMPLOYEE_ID,NEWSCATEGORY_ID) values (2,'ửe','ưer','ưer','ưer',to_timestamp('10-JAN-20 01.14.09.971000000 PM','DD-MON-RR HH.MI.SSXFF AM'),'áddddddddddddddddddđ',2,2);
REM INSERTING into MOCKAPI.NEWS_CATEGORY
SET DEFINE OFF;
Insert into MOCKAPI.NEWS_CATEGORY (ID,NAME) values (1,'Công nghệ');
Insert into MOCKAPI.NEWS_CATEGORY (ID,NAME) values (2,'Đời sống');
REM INSERTING into MOCKAPI.POSITION
SET DEFINE OFF;
Insert into MOCKAPI.POSITION (ID,NAME) values (1,'Nhân Viên');
Insert into MOCKAPI.POSITION (ID,NAME) values (51,'Trưởng nhóm');
Insert into MOCKAPI.POSITION (ID,NAME) values (101,'Quản lý');
Insert into MOCKAPI.POSITION (ID,NAME) values (151,'Nhân sự');
Insert into MOCKAPI.POSITION (ID,NAME) values (201,'Nhân Viên');
Insert into MOCKAPI.POSITION (ID,NAME) values (251,'Trưởng nhóm');
Insert into MOCKAPI.POSITION (ID,NAME) values (301,'Quản lý');
Insert into MOCKAPI.POSITION (ID,NAME) values (351,'Nhân sự');
Insert into MOCKAPI.POSITION (ID,NAME) values (2,'Trưởng nhóm');
Insert into MOCKAPI.POSITION (ID,NAME) values (3,'Quản lý');
Insert into MOCKAPI.POSITION (ID,NAME) values (4,'Nhân sự');
REM INSERTING into MOCKAPI.PROJECT
SET DEFINE OFF;
Insert into MOCKAPI.PROJECT (ID,NAME,STATUS_ID) values (1,'Smart Shop',12);
Insert into MOCKAPI.PROJECT (ID,NAME,STATUS_ID) values (2,'Smart Ofice',14);
Insert into MOCKAPI.PROJECT (ID,NAME,STATUS_ID) values (3,'Salary Web',13);
REM INSERTING into MOCKAPI.ROLE
SET DEFINE OFF;
Insert into MOCKAPI.ROLE (ID,ROLE_NAME) values (5,'PUBLIC');
Insert into MOCKAPI.ROLE (ID,ROLE_NAME) values (1,'MEMBER');
Insert into MOCKAPI.ROLE (ID,ROLE_NAME) values (2,'LEADER');
Insert into MOCKAPI.ROLE (ID,ROLE_NAME) values (3,'MANAGER');
Insert into MOCKAPI.ROLE (ID,ROLE_NAME) values (4,'HR');
REM INSERTING into MOCKAPI.STATUS
SET DEFINE OFF;
Insert into MOCKAPI.STATUS (ID,NAME,TYPE_ID) values (1,'New',1);
Insert into MOCKAPI.STATUS (ID,NAME,TYPE_ID) values (51,'In Progress',1);
Insert into MOCKAPI.STATUS (ID,NAME,TYPE_ID) values (101,'Resolved',1);
Insert into MOCKAPI.STATUS (ID,NAME,TYPE_ID) values (151,'Reopen',1);
Insert into MOCKAPI.STATUS (ID,NAME,TYPE_ID) values (201,'Closed',1);
Insert into MOCKAPI.STATUS (ID,NAME,TYPE_ID) values (251,'Next Release',1);
Insert into MOCKAPI.STATUS (ID,NAME,TYPE_ID) values (301,'Build',1);
Insert into MOCKAPI.STATUS (ID,NAME,TYPE_ID) values (2,'In Progress',1);
Insert into MOCKAPI.STATUS (ID,NAME,TYPE_ID) values (3,'Resolved',1);
Insert into MOCKAPI.STATUS (ID,NAME,TYPE_ID) values (4,'Reopen',1);
Insert into MOCKAPI.STATUS (ID,NAME,TYPE_ID) values (5,'Closed',1);
Insert into MOCKAPI.STATUS (ID,NAME,TYPE_ID) values (6,'Next Release',1);
Insert into MOCKAPI.STATUS (ID,NAME,TYPE_ID) values (7,'Build',1);
Insert into MOCKAPI.STATUS (ID,NAME,TYPE_ID) values (8,'Task',3);
Insert into MOCKAPI.STATUS (ID,NAME,TYPE_ID) values (9,'Request',3);
Insert into MOCKAPI.STATUS (ID,NAME,TYPE_ID) values (10,'Bug',3);
Insert into MOCKAPI.STATUS (ID,NAME,TYPE_ID) values (11,'Feature',3);
Insert into MOCKAPI.STATUS (ID,NAME,TYPE_ID) values (12,'New',2);
Insert into MOCKAPI.STATUS (ID,NAME,TYPE_ID) values (13,'In Progress',2);
Insert into MOCKAPI.STATUS (ID,NAME,TYPE_ID) values (14,'Closed',2);
Insert into MOCKAPI.STATUS (ID,NAME,TYPE_ID) values (15,'Reopen',2);
Insert into MOCKAPI.STATUS (ID,NAME,TYPE_ID) values (16,'Nghỉ',4);
Insert into MOCKAPI.STATUS (ID,NAME,TYPE_ID) values (17,'Vắng',4);
Insert into MOCKAPI.STATUS (ID,NAME,TYPE_ID) values (18,'Đi muộn',4);
Insert into MOCKAPI.STATUS (ID,NAME,TYPE_ID) values (19,'Về sớm',4);
REM INSERTING into MOCKAPI.STATUS_TYPE
SET DEFINE OFF;
Insert into MOCKAPI.STATUS_TYPE (ID,NAME) values (1,'issue_status');
Insert into MOCKAPI.STATUS_TYPE (ID,NAME) values (2,'project_status');
Insert into MOCKAPI.STATUS_TYPE (ID,NAME) values (3,'timesheet_status');
Insert into MOCKAPI.STATUS_TYPE (ID,NAME) values (4,'absent_status');
REM INSERTING into MOCKAPI.TEAM
SET DEFINE OFF;
Insert into MOCKAPI.TEAM (ID,LEADER_ID) values (1,1);
Insert into MOCKAPI.TEAM (ID,LEADER_ID) values (51,2);
Insert into MOCKAPI.TEAM (ID,LEADER_ID) values (101,4);
Insert into MOCKAPI.TEAM (ID,LEADER_ID) values (2,2);
Insert into MOCKAPI.TEAM (ID,LEADER_ID) values (3,4);
REM INSERTING into MOCKAPI.TEAM_PROJECT
SET DEFINE OFF;
Insert into MOCKAPI.TEAM_PROJECT (TEAM_ID,PROJECT_ID,HANDOVER_DATE,START_DATE) values (3,2,to_timestamp('30-NOV-19 12.00.00.000000000 AM','DD-MON-RR HH.MI.SSXFF AM'),to_timestamp('29-JAN-19 12.00.00.000000000 AM','DD-MON-RR HH.MI.SSXFF AM'));
Insert into MOCKAPI.TEAM_PROJECT (TEAM_ID,PROJECT_ID,HANDOVER_DATE,START_DATE) values (2,2,to_timestamp('30-JUN-19 12.00.00.000000000 AM','DD-MON-RR HH.MI.SSXFF AM'),to_timestamp('19-JAN-19 12.00.00.000000000 AM','DD-MON-RR HH.MI.SSXFF AM'));
Insert into MOCKAPI.TEAM_PROJECT (TEAM_ID,PROJECT_ID,HANDOVER_DATE,START_DATE) values (1,3,to_timestamp('03-AUG-19 12.00.00.000000000 AM','DD-MON-RR HH.MI.SSXFF AM'),to_timestamp('07-FEB-19 12.00.00.000000000 AM','DD-MON-RR HH.MI.SSXFF AM'));
Insert into MOCKAPI.TEAM_PROJECT (TEAM_ID,PROJECT_ID,HANDOVER_DATE,START_DATE) values (1,1,to_timestamp('17-DEC-19 12.00.00.000000000 AM','DD-MON-RR HH.MI.SSXFF AM'),to_timestamp('08-FEB-19 12.00.00.000000000 AM','DD-MON-RR HH.MI.SSXFF AM'));
Insert into MOCKAPI.TEAM_PROJECT (TEAM_ID,PROJECT_ID,HANDOVER_DATE,START_DATE) values (3,3,to_timestamp('30-NOV-19 12.00.00.000000000 AM','DD-MON-RR HH.MI.SSXFF AM'),to_timestamp('20-JUN-19 12.00.00.000000000 AM','DD-MON-RR HH.MI.SSXFF AM'));
--------------------------------------------------------
--  DDL for Index UK_54WOLCN5RYQSHIQ8GQ0EPVR3V
--------------------------------------------------------

  CREATE UNIQUE INDEX "MOCKAPI"."UK_54WOLCN5RYQSHIQ8GQ0EPVR3V" ON "MOCKAPI"."CONFIRMATION_TOKEN" ("TOKEN") 
  PCTFREE 10 INITRANS 2 MAXTRANS 255 COMPUTE STATISTICS 
  STORAGE(INITIAL 65536 NEXT 1048576 MINEXTENTS 1 MAXEXTENTS 2147483645
  PCTINCREASE 0 FREELISTS 1 FREELIST GROUPS 1 BUFFER_POOL DEFAULT FLASH_CACHE DEFAULT CELL_FLASH_CACHE DEFAULT)
  TABLESPACE "SYSTEM" ;
--------------------------------------------------------
--  Constraints for Table EMPLOYEE_ISSUE
--------------------------------------------------------

  ALTER TABLE "MOCKAPI"."EMPLOYEE_ISSUE" ADD PRIMARY KEY ("ISSUES_ID", "EMPLOYEE_ID")
  USING INDEX PCTFREE 10 INITRANS 2 MAXTRANS 255 COMPUTE STATISTICS 
  STORAGE(INITIAL 65536 NEXT 1048576 MINEXTENTS 1 MAXEXTENTS 2147483645
  PCTINCREASE 0 FREELISTS 1 FREELIST GROUPS 1 BUFFER_POOL DEFAULT FLASH_CACHE DEFAULT CELL_FLASH_CACHE DEFAULT)
  TABLESPACE "SYSTEM"  ENABLE;
  ALTER TABLE "MOCKAPI"."EMPLOYEE_ISSUE" MODIFY ("EMPLOYEE_ID" NOT NULL ENABLE);
  ALTER TABLE "MOCKAPI"."EMPLOYEE_ISSUE" MODIFY ("ISSUES_ID" NOT NULL ENABLE);
--------------------------------------------------------
--  Constraints for Table EMPLOYEE_ROLE
--------------------------------------------------------

  ALTER TABLE "MOCKAPI"."EMPLOYEE_ROLE" ADD PRIMARY KEY ("EMPLOYEE_ID", "ROLE_ID")
  USING INDEX PCTFREE 10 INITRANS 2 MAXTRANS 255 COMPUTE STATISTICS 
  STORAGE(INITIAL 65536 NEXT 1048576 MINEXTENTS 1 MAXEXTENTS 2147483645
  PCTINCREASE 0 FREELISTS 1 FREELIST GROUPS 1 BUFFER_POOL DEFAULT FLASH_CACHE DEFAULT CELL_FLASH_CACHE DEFAULT)
  TABLESPACE "SYSTEM"  ENABLE;
  ALTER TABLE "MOCKAPI"."EMPLOYEE_ROLE" MODIFY ("ROLE_ID" NOT NULL ENABLE);
  ALTER TABLE "MOCKAPI"."EMPLOYEE_ROLE" MODIFY ("EMPLOYEE_ID" NOT NULL ENABLE);
--------------------------------------------------------
--  Constraints for Table ROLE
--------------------------------------------------------

  ALTER TABLE "MOCKAPI"."ROLE" ADD PRIMARY KEY ("ID")
  USING INDEX PCTFREE 10 INITRANS 2 MAXTRANS 255 COMPUTE STATISTICS 
  STORAGE(INITIAL 65536 NEXT 1048576 MINEXTENTS 1 MAXEXTENTS 2147483645
  PCTINCREASE 0 FREELISTS 1 FREELIST GROUPS 1 BUFFER_POOL DEFAULT FLASH_CACHE DEFAULT CELL_FLASH_CACHE DEFAULT)
  TABLESPACE "SYSTEM"  ENABLE;
  ALTER TABLE "MOCKAPI"."ROLE" MODIFY ("ID" NOT NULL ENABLE);
--------------------------------------------------------
--  Constraints for Table STATUS_TYPE
--------------------------------------------------------

  ALTER TABLE "MOCKAPI"."STATUS_TYPE" ADD PRIMARY KEY ("ID")
  USING INDEX PCTFREE 10 INITRANS 2 MAXTRANS 255 COMPUTE STATISTICS 
  STORAGE(INITIAL 65536 NEXT 1048576 MINEXTENTS 1 MAXEXTENTS 2147483645
  PCTINCREASE 0 FREELISTS 1 FREELIST GROUPS 1 BUFFER_POOL DEFAULT FLASH_CACHE DEFAULT CELL_FLASH_CACHE DEFAULT)
  TABLESPACE "SYSTEM"  ENABLE;
  ALTER TABLE "MOCKAPI"."STATUS_TYPE" MODIFY ("ID" NOT NULL ENABLE);
--------------------------------------------------------
--  Constraints for Table STATUS
--------------------------------------------------------

  ALTER TABLE "MOCKAPI"."STATUS" ADD PRIMARY KEY ("ID")
  USING INDEX PCTFREE 10 INITRANS 2 MAXTRANS 255 COMPUTE STATISTICS 
  STORAGE(INITIAL 65536 NEXT 1048576 MINEXTENTS 1 MAXEXTENTS 2147483645
  PCTINCREASE 0 FREELISTS 1 FREELIST GROUPS 1 BUFFER_POOL DEFAULT FLASH_CACHE DEFAULT CELL_FLASH_CACHE DEFAULT)
  TABLESPACE "SYSTEM"  ENABLE;
  ALTER TABLE "MOCKAPI"."STATUS" MODIFY ("ID" NOT NULL ENABLE);
--------------------------------------------------------
--  Constraints for Table ISSUES_HISTORY
--------------------------------------------------------

  ALTER TABLE "MOCKAPI"."ISSUES_HISTORY" ADD PRIMARY KEY ("ID")
  USING INDEX PCTFREE 10 INITRANS 2 MAXTRANS 255 COMPUTE STATISTICS 
  STORAGE(INITIAL 65536 NEXT 1048576 MINEXTENTS 1 MAXEXTENTS 2147483645
  PCTINCREASE 0 FREELISTS 1 FREELIST GROUPS 1 BUFFER_POOL DEFAULT FLASH_CACHE DEFAULT CELL_FLASH_CACHE DEFAULT)
  TABLESPACE "SYSTEM"  ENABLE;
  ALTER TABLE "MOCKAPI"."ISSUES_HISTORY" MODIFY ("ID" NOT NULL ENABLE);
--------------------------------------------------------
--  Constraints for Table TEAM_PROJECT
--------------------------------------------------------

  ALTER TABLE "MOCKAPI"."TEAM_PROJECT" ADD PRIMARY KEY ("TEAM_ID", "PROJECT_ID")
  USING INDEX PCTFREE 10 INITRANS 2 MAXTRANS 255 COMPUTE STATISTICS 
  STORAGE(INITIAL 65536 NEXT 1048576 MINEXTENTS 1 MAXEXTENTS 2147483645
  PCTINCREASE 0 FREELISTS 1 FREELIST GROUPS 1 BUFFER_POOL DEFAULT FLASH_CACHE DEFAULT CELL_FLASH_CACHE DEFAULT)
  TABLESPACE "SYSTEM"  ENABLE;
  ALTER TABLE "MOCKAPI"."TEAM_PROJECT" MODIFY ("PROJECT_ID" NOT NULL ENABLE);
  ALTER TABLE "MOCKAPI"."TEAM_PROJECT" MODIFY ("TEAM_ID" NOT NULL ENABLE);
--------------------------------------------------------
--  Constraints for Table NEWS_CATEGORY
--------------------------------------------------------

  ALTER TABLE "MOCKAPI"."NEWS_CATEGORY" ADD PRIMARY KEY ("ID")
  USING INDEX PCTFREE 10 INITRANS 2 MAXTRANS 255 COMPUTE STATISTICS 
  STORAGE(INITIAL 65536 NEXT 1048576 MINEXTENTS 1 MAXEXTENTS 2147483645
  PCTINCREASE 0 FREELISTS 1 FREELIST GROUPS 1 BUFFER_POOL DEFAULT FLASH_CACHE DEFAULT CELL_FLASH_CACHE DEFAULT)
  TABLESPACE "SYSTEM"  ENABLE;
  ALTER TABLE "MOCKAPI"."NEWS_CATEGORY" MODIFY ("ID" NOT NULL ENABLE);
--------------------------------------------------------
--  Constraints for Table TEAM
--------------------------------------------------------

  ALTER TABLE "MOCKAPI"."TEAM" ADD PRIMARY KEY ("ID")
  USING INDEX PCTFREE 10 INITRANS 2 MAXTRANS 255 COMPUTE STATISTICS 
  STORAGE(INITIAL 65536 NEXT 1048576 MINEXTENTS 1 MAXEXTENTS 2147483645
  PCTINCREASE 0 FREELISTS 1 FREELIST GROUPS 1 BUFFER_POOL DEFAULT FLASH_CACHE DEFAULT CELL_FLASH_CACHE DEFAULT)
  TABLESPACE "SYSTEM"  ENABLE;
  ALTER TABLE "MOCKAPI"."TEAM" MODIFY ("ID" NOT NULL ENABLE);
--------------------------------------------------------
--  Constraints for Table POSITION
--------------------------------------------------------

  ALTER TABLE "MOCKAPI"."POSITION" ADD PRIMARY KEY ("ID")
  USING INDEX PCTFREE 10 INITRANS 2 MAXTRANS 255 COMPUTE STATISTICS 
  STORAGE(INITIAL 65536 NEXT 1048576 MINEXTENTS 1 MAXEXTENTS 2147483645
  PCTINCREASE 0 FREELISTS 1 FREELIST GROUPS 1 BUFFER_POOL DEFAULT FLASH_CACHE DEFAULT CELL_FLASH_CACHE DEFAULT)
  TABLESPACE "SYSTEM"  ENABLE;
  ALTER TABLE "MOCKAPI"."POSITION" MODIFY ("ID" NOT NULL ENABLE);
--------------------------------------------------------
--  Constraints for Table ABSENT
--------------------------------------------------------

  ALTER TABLE "MOCKAPI"."ABSENT" ADD PRIMARY KEY ("ID")
  USING INDEX PCTFREE 10 INITRANS 2 MAXTRANS 255 COMPUTE STATISTICS 
  STORAGE(INITIAL 65536 NEXT 1048576 MINEXTENTS 1 MAXEXTENTS 2147483645
  PCTINCREASE 0 FREELISTS 1 FREELIST GROUPS 1 BUFFER_POOL DEFAULT FLASH_CACHE DEFAULT CELL_FLASH_CACHE DEFAULT)
  TABLESPACE "SYSTEM"  ENABLE;
  ALTER TABLE "MOCKAPI"."ABSENT" MODIFY ("ID" NOT NULL ENABLE);
--------------------------------------------------------
--  Constraints for Table CONFIRMATION_TOKEN
--------------------------------------------------------

  ALTER TABLE "MOCKAPI"."CONFIRMATION_TOKEN" ADD CONSTRAINT "UK_54WOLCN5RYQSHIQ8GQ0EPVR3V" UNIQUE ("TOKEN")
  USING INDEX PCTFREE 10 INITRANS 2 MAXTRANS 255 COMPUTE STATISTICS 
  STORAGE(INITIAL 65536 NEXT 1048576 MINEXTENTS 1 MAXEXTENTS 2147483645
  PCTINCREASE 0 FREELISTS 1 FREELIST GROUPS 1 BUFFER_POOL DEFAULT FLASH_CACHE DEFAULT CELL_FLASH_CACHE DEFAULT)
  TABLESPACE "SYSTEM"  ENABLE;
  ALTER TABLE "MOCKAPI"."CONFIRMATION_TOKEN" ADD PRIMARY KEY ("ID")
  USING INDEX PCTFREE 10 INITRANS 2 MAXTRANS 255 COMPUTE STATISTICS 
  STORAGE(INITIAL 65536 NEXT 1048576 MINEXTENTS 1 MAXEXTENTS 2147483645
  PCTINCREASE 0 FREELISTS 1 FREELIST GROUPS 1 BUFFER_POOL DEFAULT FLASH_CACHE DEFAULT CELL_FLASH_CACHE DEFAULT)
  TABLESPACE "SYSTEM"  ENABLE;
  ALTER TABLE "MOCKAPI"."CONFIRMATION_TOKEN" MODIFY ("USED" NOT NULL ENABLE);
  ALTER TABLE "MOCKAPI"."CONFIRMATION_TOKEN" MODIFY ("TOKEN" NOT NULL ENABLE);
  ALTER TABLE "MOCKAPI"."CONFIRMATION_TOKEN" MODIFY ("DATETIME_CREATED" NOT NULL ENABLE);
  ALTER TABLE "MOCKAPI"."CONFIRMATION_TOKEN" MODIFY ("ID" NOT NULL ENABLE);
--------------------------------------------------------
--  Constraints for Table PROJECT
--------------------------------------------------------

  ALTER TABLE "MOCKAPI"."PROJECT" ADD PRIMARY KEY ("ID")
  USING INDEX PCTFREE 10 INITRANS 2 MAXTRANS 255 COMPUTE STATISTICS 
  STORAGE(INITIAL 65536 NEXT 1048576 MINEXTENTS 1 MAXEXTENTS 2147483645
  PCTINCREASE 0 FREELISTS 1 FREELIST GROUPS 1 BUFFER_POOL DEFAULT FLASH_CACHE DEFAULT CELL_FLASH_CACHE DEFAULT)
  TABLESPACE "SYSTEM"  ENABLE;
  ALTER TABLE "MOCKAPI"."PROJECT" MODIFY ("ID" NOT NULL ENABLE);
--------------------------------------------------------
--  Constraints for Table ISSUE
--------------------------------------------------------

  ALTER TABLE "MOCKAPI"."ISSUE" ADD PRIMARY KEY ("ID")
  USING INDEX PCTFREE 10 INITRANS 2 MAXTRANS 255 COMPUTE STATISTICS 
  STORAGE(INITIAL 65536 NEXT 1048576 MINEXTENTS 1 MAXEXTENTS 2147483645
  PCTINCREASE 0 FREELISTS 1 FREELIST GROUPS 1 BUFFER_POOL DEFAULT FLASH_CACHE DEFAULT CELL_FLASH_CACHE DEFAULT)
  TABLESPACE "SYSTEM"  ENABLE;
  ALTER TABLE "MOCKAPI"."ISSUE" MODIFY ("ID" NOT NULL ENABLE);
--------------------------------------------------------
--  Constraints for Table NEWS
--------------------------------------------------------

  ALTER TABLE "MOCKAPI"."NEWS" ADD PRIMARY KEY ("ID")
  USING INDEX PCTFREE 10 INITRANS 2 MAXTRANS 255 COMPUTE STATISTICS 
  STORAGE(INITIAL 65536 NEXT 1048576 MINEXTENTS 1 MAXEXTENTS 2147483645
  PCTINCREASE 0 FREELISTS 1 FREELIST GROUPS 1 BUFFER_POOL DEFAULT FLASH_CACHE DEFAULT CELL_FLASH_CACHE DEFAULT)
  TABLESPACE "SYSTEM"  ENABLE;
  ALTER TABLE "MOCKAPI"."NEWS" MODIFY ("ID" NOT NULL ENABLE);
--------------------------------------------------------
--  Constraints for Table DEPARTMENT
--------------------------------------------------------

  ALTER TABLE "MOCKAPI"."DEPARTMENT" ADD PRIMARY KEY ("ID")
  USING INDEX PCTFREE 10 INITRANS 2 MAXTRANS 255 COMPUTE STATISTICS 
  STORAGE(INITIAL 65536 NEXT 1048576 MINEXTENTS 1 MAXEXTENTS 2147483645
  PCTINCREASE 0 FREELISTS 1 FREELIST GROUPS 1 BUFFER_POOL DEFAULT FLASH_CACHE DEFAULT CELL_FLASH_CACHE DEFAULT)
  TABLESPACE "SYSTEM"  ENABLE;
  ALTER TABLE "MOCKAPI"."DEPARTMENT" MODIFY ("ID" NOT NULL ENABLE);
--------------------------------------------------------
--  Constraints for Table EMPLOYEE
--------------------------------------------------------

  ALTER TABLE "MOCKAPI"."EMPLOYEE" ADD PRIMARY KEY ("ID")
  USING INDEX PCTFREE 10 INITRANS 2 MAXTRANS 255 COMPUTE STATISTICS 
  STORAGE(INITIAL 65536 NEXT 1048576 MINEXTENTS 1 MAXEXTENTS 2147483645
  PCTINCREASE 0 FREELISTS 1 FREELIST GROUPS 1 BUFFER_POOL DEFAULT FLASH_CACHE DEFAULT CELL_FLASH_CACHE DEFAULT)
  TABLESPACE "SYSTEM"  ENABLE;
  ALTER TABLE "MOCKAPI"."EMPLOYEE" MODIFY ("ID" NOT NULL ENABLE);
--------------------------------------------------------
--  Ref Constraints for Table ABSENT
--------------------------------------------------------

  ALTER TABLE "MOCKAPI"."ABSENT" ADD CONSTRAINT "FK1L3Y55RA68MVY69DM37LGOTFL" FOREIGN KEY ("PERSON_APPROVE_ID")
	  REFERENCES "MOCKAPI"."EMPLOYEE" ("ID") ENABLE;
  ALTER TABLE "MOCKAPI"."ABSENT" ADD CONSTRAINT "FKGBVHJNKGMIA3LEOPQJTFGNGGI" FOREIGN KEY ("STATUS_ID")
	  REFERENCES "MOCKAPI"."STATUS" ("ID") ENABLE;
  ALTER TABLE "MOCKAPI"."ABSENT" ADD CONSTRAINT "FKTIMWNKS3BRD1HSVVTKB35K64D" FOREIGN KEY ("PERSON_ABSENT_ID")
	  REFERENCES "MOCKAPI"."EMPLOYEE" ("ID") ENABLE;
--------------------------------------------------------
--  Ref Constraints for Table CONFIRMATION_TOKEN
--------------------------------------------------------

  ALTER TABLE "MOCKAPI"."CONFIRMATION_TOKEN" ADD CONSTRAINT "FKFYR22Y1C9N5ADFQIBVGQ737TF" FOREIGN KEY ("EMPLOYEE_ID")
	  REFERENCES "MOCKAPI"."EMPLOYEE" ("ID") ENABLE;
--------------------------------------------------------
--  Ref Constraints for Table EMPLOYEE
--------------------------------------------------------

  ALTER TABLE "MOCKAPI"."EMPLOYEE" ADD CONSTRAINT "FK8D7LRSR6KWIRR93RX0TAFNOQA" FOREIGN KEY ("TEAM_ID")
	  REFERENCES "MOCKAPI"."TEAM" ("ID") ENABLE;
  ALTER TABLE "MOCKAPI"."EMPLOYEE" ADD CONSTRAINT "FKBC8RDKO9O9N1RI9BPDYXV3X7I" FOREIGN KEY ("POSITION_ID")
	  REFERENCES "MOCKAPI"."POSITION" ("ID") ENABLE;
  ALTER TABLE "MOCKAPI"."EMPLOYEE" ADD CONSTRAINT "FKBEJTWVG9BXUS2MFFSM3SWJ3U9" FOREIGN KEY ("DEPARTMENT_ID")
	  REFERENCES "MOCKAPI"."DEPARTMENT" ("ID") ENABLE;
--------------------------------------------------------
--  Ref Constraints for Table EMPLOYEE_ISSUE
--------------------------------------------------------

  ALTER TABLE "MOCKAPI"."EMPLOYEE_ISSUE" ADD CONSTRAINT "FK7QWG9GQ7P4HLQTKDBV31XHO6O" FOREIGN KEY ("STATUS_ID")
	  REFERENCES "MOCKAPI"."STATUS" ("ID") ENABLE;
  ALTER TABLE "MOCKAPI"."EMPLOYEE_ISSUE" ADD CONSTRAINT "FK99EP3JS8O0AJN15END0O8UNGU" FOREIGN KEY ("ISSUES_ID")
	  REFERENCES "MOCKAPI"."ISSUE" ("ID") ENABLE;
  ALTER TABLE "MOCKAPI"."EMPLOYEE_ISSUE" ADD CONSTRAINT "FKCELGUQ97OJFKFLA6EB4RHCJHI" FOREIGN KEY ("EMPLOYEE_ID")
	  REFERENCES "MOCKAPI"."EMPLOYEE" ("ID") ENABLE;
--------------------------------------------------------
--  Ref Constraints for Table EMPLOYEE_ROLE
--------------------------------------------------------

  ALTER TABLE "MOCKAPI"."EMPLOYEE_ROLE" ADD CONSTRAINT "FK7JOL9JRBTLT6CTIEHEGH6BESP" FOREIGN KEY ("ROLE_ID")
	  REFERENCES "MOCKAPI"."ROLE" ("ID") ENABLE;
  ALTER TABLE "MOCKAPI"."EMPLOYEE_ROLE" ADD CONSTRAINT "FKO7RVK7EJTX29VRU9CYHF7O68A" FOREIGN KEY ("EMPLOYEE_ID")
	  REFERENCES "MOCKAPI"."EMPLOYEE" ("ID") ENABLE;
--------------------------------------------------------
--  Ref Constraints for Table ISSUE
--------------------------------------------------------

  ALTER TABLE "MOCKAPI"."ISSUE" ADD CONSTRAINT "FKCOMBYTCPEOGAQI2012PHVVVHY" FOREIGN KEY ("PROJECT_ID")
	  REFERENCES "MOCKAPI"."PROJECT" ("ID") ENABLE;
  ALTER TABLE "MOCKAPI"."ISSUE" ADD CONSTRAINT "FKLSJ5WB653FG6GXPHOI3D3M2E9" FOREIGN KEY ("STATUS_ID")
	  REFERENCES "MOCKAPI"."STATUS" ("ID") ENABLE;
--------------------------------------------------------
--  Ref Constraints for Table ISSUES_HISTORY
--------------------------------------------------------

  ALTER TABLE "MOCKAPI"."ISSUES_HISTORY" ADD CONSTRAINT "FKK9BRCJQSNV73KEG72DG7LWIKT" FOREIGN KEY ("UPDATE_PERSON_ID")
	  REFERENCES "MOCKAPI"."EMPLOYEE" ("ID") ENABLE;
  ALTER TABLE "MOCKAPI"."ISSUES_HISTORY" ADD CONSTRAINT "FKPG963CXA5VH6WP99B41FP4PLA" FOREIGN KEY ("ISSUE_ID")
	  REFERENCES "MOCKAPI"."ISSUE" ("ID") ENABLE;
--------------------------------------------------------
--  Ref Constraints for Table NEWS
--------------------------------------------------------

  ALTER TABLE "MOCKAPI"."NEWS" ADD CONSTRAINT "FKCE9B7OMGSYBGAQAKQHRK6B23G" FOREIGN KEY ("NEWSCATEGORY_ID")
	  REFERENCES "MOCKAPI"."NEWS_CATEGORY" ("ID") ENABLE;
  ALTER TABLE "MOCKAPI"."NEWS" ADD CONSTRAINT "FKIKCRC2L0FDJR1A9QU1YHKF99B" FOREIGN KEY ("EMPLOYEE_ID")
	  REFERENCES "MOCKAPI"."EMPLOYEE" ("ID") ENABLE;
--------------------------------------------------------
--  Ref Constraints for Table PROJECT
--------------------------------------------------------

  ALTER TABLE "MOCKAPI"."PROJECT" ADD CONSTRAINT "FKIWO74YC7WLFNK1T8M5RUP6CAO" FOREIGN KEY ("STATUS_ID")
	  REFERENCES "MOCKAPI"."STATUS" ("ID") ENABLE;
--------------------------------------------------------
--  Ref Constraints for Table STATUS
--------------------------------------------------------

  ALTER TABLE "MOCKAPI"."STATUS" ADD CONSTRAINT "FKLE280T7AJKSSHLX718MMEI1YC" FOREIGN KEY ("TYPE_ID")
	  REFERENCES "MOCKAPI"."STATUS_TYPE" ("ID") ENABLE;
--------------------------------------------------------
--  Ref Constraints for Table TEAM_PROJECT
--------------------------------------------------------

  ALTER TABLE "MOCKAPI"."TEAM_PROJECT" ADD CONSTRAINT "FKELQ27U0X7M0KU0T7SG5PFDQI0" FOREIGN KEY ("TEAM_ID")
	  REFERENCES "MOCKAPI"."TEAM" ("ID") ENABLE;
  ALTER TABLE "MOCKAPI"."TEAM_PROJECT" ADD CONSTRAINT "FKGUEU8QABVA2799BTMXJCGPV50" FOREIGN KEY ("PROJECT_ID")
	  REFERENCES "MOCKAPI"."PROJECT" ("ID") ENABLE;
